{"classification_report": {"0": {"precision": 0.603080629453073, "recall": 0.6511338323394718, "f1-score": 0.6261866904392833, "support": 72277}, "1": {"precision": 0.7496002939453222, "recall": 0.709049578237427, "f1-score": 0.7287612776782827, "support": 106458}, "accuracy": 0.6856295633199989, "macro avg": {"precision": 0.6763404616991976, "recall": 0.6800917052884494, "f1-score": 0.677473984058783, "support": 178735}, "weighted avg": {"precision": 0.6903505566778239, "recall": 0.6856295633199989, "f1-score": 0.6872820853439713, "support": 178735}}, "roc_auc": 0.7432294197962747, "pr_auc": 0.790053152015556}